User_ID,Stock_ID,Stock_Name,Stock_Count
1001,STK001,Apple,50
1001,STK002,Microsoft,22
1002,STK003,Google,30
1002,STK004,Amazon,25
1003,STK001,Apple,45
1003,STK003,Google,15
1004,STK002,Microsoft,50
1004,STK002,CalSoft,50
1004,STK005,Facebook,12
1005,STK006,Tesla,30
1005,STK006,Jadu,30
1006,STK007,Netflix,45
1007,STK002,Microsoft,10
1008,STK001,Apple,60
1009,STK003,Google,20
1010,STK004,Amazon,55
1011,STK005,Facebook,7
1012,STK006,Tesla,80
1013,STK007,Netflix,25
1014,STK008,Intel,45
1015,STK009,AMD,33
1016,STK010,NVIDIA,50
1017,STK011,Salesforce,28
1018,STK012,Shopify,65
1019,STK013,Adobe,70
1020,STK014,Oracle,80
1021,STK015,Cisco,85
1022,STK016,Qualcomm,45
1023,STK017,IBM,35
1024,STK018,SAP,40
1025,STK019,Siemens,48